trial,observation_pair_1,observation_pair_2,observation_pair_3,observation_pair_4,observation_pair_5,observation_pair_6,observation_pair_7,observation_pair_8,observation_pair_9,observation_pair_10,observation_pair_11,observation_pair_12,observation_pair_13,observation_pair_14,observation_pair_15
-1.0,-1.0,-1.0,-1.0,-1.0,-1.0,-1.0,-1.0,-1.0,-1.0,-1.0,-1.0,-1.0,-1.0,-1.0,-1.0
3.0,0.6413845537749907,8.227077466197214,-20.45736188349519,16.39903228771036,-8.223773648164027,32.741958609115315,-8.178801389213907,-8.171993201655129,-16.40613023196127,-8.12149782891926,-8.040513888958246,-7.961213459612006,0.08109994773704565,0.0807973855668116,0.08342024555194473,24.553051463810306
3.0,-31.66601205305109,-24.572174947289557,-12.298405240837555,-16.40623523936143,-8.228880180209444,32.73789503957243,-8.224599121145435,-8.19200135745938,16.38041057726969,-8.121844557541003,-8.039928874232798,-7.960184392686458,-0.09287036153882577,-0.08282556433832924,-0.07612921866791993,24.59878711271195
3.0,21.924272773394136,21.52057242666853,21.50279096439916,21.524986349542072,17.69933883442981,21.750907650075423,17.495888555529,17.312480975311402,21.50670645629602,16.71941425789122,16.07941168790034,16.011437417507555,0.7155771044801362,0.6541901434283552,0.6320810450000884,22.156486146891016
