trial,observation_pair_1,observation_pair_2,observation_pair_3,observation_pair_4,observation_pair_5,observation_pair_6,observation_pair_7,observation_pair_8,observation_pair_9,observation_pair_10,observation_pair_11,observation_pair_12,observation_pair_13,observation_pair_14,observation_pair_15
-1.0,-1.0,-1.0,-1.0,-1.0,-1.0,-1.0,-1.0,-1.0,-1.0,-1.0,-1.0,-1.0,-1.0,-1.0,-1.0
12.0,-1.2803566016371442,3.2928381791661603,1.964532934910803,1.9595816601417015,3.3325412995407904,1.9849864806981357,3.2934954984322276,3.29165734888344,3.2917731767896425,1.230995499406425,1.2435890495120263,1.2226249528964397,3.3352524065106905,1.21958582625564,1.2500399734208567,-1.489304305262722
12.0,3.4512582825131775,3.3291016030442133,-0.839815330626984,-0.8358555587030534,3.3128164012003265,-0.8448829481710208,3.2934954977783284,3.321697228078445,3.3126966777469153,1.2690044996885461,1.2485929849225323,1.2771917154721064,3.335178692594015,1.2804729570120204,1.2700884006338762,-1.488516470902914
12.0,34.76213614359195,4.717124384066672,4.720177261213861,4.68717544452779,4.637924661971644,4.827150618833787,4.592649268233465,4.691862601346358,4.660305360676247,2.9259348290431886,2.860841031517664,2.9606383999253265,4.7127077115058045,2.97393594506873,2.882789263663809,-0.6503748634541582
