trial,observation_pair_1,observation_pair_2,observation_pair_3,observation_pair_4,observation_pair_5,observation_pair_6,observation_pair_7,observation_pair_8,observation_pair_9,observation_pair_10,observation_pair_11,observation_pair_12,observation_pair_13,observation_pair_14,observation_pair_15
-1.0,-1.0,-1.0,-1.0,-1.0,-1.0,-1.0,-1.0,-1.0,-1.0,-1.0,-1.0,-1.0,-1.0,-1.0,-1.0
3.0,0.6413845537749907,16.385262535371215,24.588294773273667,-16.376737420904494,-32.734830298666985,-24.55257295210535,-8.173031101083563,-24.598861587899,16.37503199262417,24.524578577463966,8.208528086693436,8.211075897129309,-20.45910054510686,32.736482537174844,24.585940241579184,-8.139306193785146
3.0,-31.66601205305109,-16.387144299538257,24.56193778131184,16.383732988078613,-32.768,8.170986802207834,-8.214482693818988,8.212952509366145,-16.393795228647654,24.612292155147397,-24.597118378180376,-24.59287874821539,-12.309680420612489,32.73878465547515,24.556037728009663,-8.173013742196062
3.0,21.924272773394136,21.493662724520743,22.159937931835362,21.48073216064904,21.68080512098148,21.41265092207076,17.424479502675183,21.46019603628405,21.48928353601073,22.154378877958013,21.452226250082187,21.46341117731443,21.52168250014479,21.764292906891818,22.164141992816038,17.066197198917845
4.0,4.74145949563043,-16.347543076178486,-32.758390725550605,8.211245298782211,-8.210895224599854,8.191974098016031,24.605062154956496,-8.14959488321556,-8.15031981660218,-8.083303549366564,-7.997437769852469,-7.967799860346969,-7.983926148309356,-8.001273490945431,0.03735253204941709,-20.489999998613126
4.0,-28.723362919379113,16.34983339104452,-32.768,-24.560489411048895,-8.17464043739415,-24.57597149263146,24.605376045805475,-8.233574849258176,-8.151021977058571,-8.08658377288475,-7.998334444588441,-7.969270774059222,-7.983709594175119,-7.9999444092819925,-0.03866592541475607,-12.27800000046793
4.0,21.496702986018644,21.398661153732405,21.603456208008062,21.495748832674252,17.41455241839561,21.43889356116019,22.11829351108739,17.418217871548347,17.00635863928401,16.383138691403786,15.960612675685613,15.989043438664723,15.962982963571307,15.962605004090122,0.22757054111940533,21.479803749281885
